카테고리,메뉴명,레시피,레시피 출처,애매함 태그
구이,갈비구이,"갈비, 배즙, 양파즙, 물엿, 설탕, 통깨, 참기름, 후춧가루, 청주, 간장, 육수, 대파, 마늘, 양파, 상추, 깻잎, 생강즙, 월계수잎",농림축산식품부,"has_unclear_seasoning, has_variant"
구이,닭갈비,"닭, 고구마, 양배추, 양파, 흰떡, 깻잎, 고추장, 고춧가루, 설탕, 간장, 깨소금, 생강즙, 참기름",농림축산식품부,"has_unclear_seasoning, has_variant"
구이,불고기,"쇠고기, 진간장, 배즙, 설탕, 다진파, 다진마늘, 깨소금, 후춧가루, 참기름",농림축산식품부,"has_unclear_seasoning, has_variant"
구이,삼겹살,"삼겹살, 새송이버섯, 부추, 양파, 김치",한식진흥원,has_variant
국,육개장,"쇠고기, 양, 곱창, 고사리, 대파, 소금, 물, 고추장, 고춧가루, 진간장, 다진마늘, 참기름, 깨소금, 후춧가루",농림축산식품부,has_unclear_broth
국,미역국,"미역, 다진쇠고기, 마늘, 식용유, 후춧가루, 국간장, 참기름, 물",농림축산식품부,has_unclear_broth
국,떡만두국,"떡국떡, 계란, 구운김, 대파, 다진마늘, 청정원맛선생, 국간장, 참기름, 만두피, 다진돼지고기, 배추김치, 숙주, 두부, 파",농림축산식품부,"has_hidden_animal, has_unclear_broth, has_unclear_jeotgal"
국,콩나물국,"콩나물, 김치, 다진마늘, 실파, 장조림, 청고추, 깨소금, 김, 계란, 쇠구기육수, 새우젓",농림축산식품부,"has_unclear_broth, has_unclear_jeotgal"
국,곰탕,"쇠고기, 양, 무, 대파, 마늘, 국간장, 소금, 후추, 국수, 다진파, 다진마늘, 진간장, 참기름",농림축산식품부,"has_unclear_broth, has_unclear_jeotgal"
국,설렁탕,"소 잡뼈, 사골, 도가니, 양지머리, 파, 마늘, 밀국수, 소금, 후추, 물",농림축산식품부,"has_unclear_broth, has_unclear_jeotgal"
치킨,양념치킨,"닭고기, 튀김가루, 전분, 밀가루, 달걀, 우유, 소금, 후춧가루, 식용유, 고추장, 고춧가루, 케첩, 간장, 물엿, 설탕, 올리고당, 다진 마늘, 다진 생강, 맛술, 식초, 참기름, 통깨, 땅콩분태",직접추가,
치킨,후라이드치킨,"닭고기, 우유, 소금, 후춧가루, 맛술, 다진 마늘, 다진 생강, 튀김가루, 밀가루, 전분, 달걀, 베이킹파우더, 식용유",직접추가,
김치,갓김치,"갓, 무, 소금, 실파, 고춧가루, 마늘, 생강, 멸치젓, 깨소금, 밀가루, 물",농림축산식품부,has_unclear_jeotgal
김치,깍두기,"무, 소금, 고춧가루, 미나리, 실파, 갓, 마늘, 새우젓, 소금, 설탕",농림축산식품부,has_unclear_jeotgal
김치,나박김치,"배추, 미나리, 홍고추, 생강, 무, 대파, 마늘, 소금, 고춧가루, 물",농림축산식품부,has_unclear_jeotgal
김치,무생채,"무, 고춧가루, 식초, 설탕, 소금, 참기름, 다진파, 다진마늘, 깨소금",농림축산식품부,has_unclear_jeotgal
김치,배추김치,"배추, 소금, 고춧가루, 물, 무, 갓, 미나리, 실파, 배, 대파, 마늘, 생강, 멸치젓, 설탕, 깨소금, 소금",농림축산식품부,has_unclear_jeotgal
김치,백김치,"배추, 무, 밤, 배, 대추, 다진마늘, 석이버섯, 대파, 미나리, 실고추, 잣, 소금물, 물, 말린표고버섯, 통생강, 물",농림축산식품부,has_unclear_jeotgal
김치,부추김치,"부추, 다진마늘, 생강, 홍고추, 멸치젓, 고춧가루, 설탕, 소금",농림축산식품부,has_unclear_jeotgal
김치,열무김치,"열무, 풋배추, 소금, 실파, 청고추, 홍고추, 마늘, 생강, 물",농림축산식품부,has_unclear_jeotgal
김치,오이소박이,"오이, 소금, 고춧가루, 부추, 다진파, 다진마늘, 다진생강, 설탕, 진간장, 청주, 소금물, 물",농림축산식품부,has_unclear_jeotgal
김치,총각김치,"총각무, 소금, 대파, 고추가루, 다진마늘, 다진생강, 멸치젓, 새우젓, 설탕, 찹쌀가루, 물, 소금물, 소금",농림축산식품부,has_unclear_jeotgal
김치,파김치,"실파, 까나리액젓, 다진마늘, 다진생강, 고춧가루, 설탕, 소금, 깨소금",농림축산식품부,has_unclear_jeotgal
나물,시금치나물,"시금치, 물, 소금, 멸치액젓, 대파, 홍고추, 통깨, 참기름",농림축산식품부,has_unclear_jeotgal
떡,경단,"찹쌀가루, 소금, 물, 노란 콩가루, 흑임자 가루",한식진흥원,
떡,꿀떡,"멥쌀가루, 물, 쑥 가루, 참기름, 소금, 깨, 설탕",한식진흥원,
떡,송편,"멥쌀, 소금, 쑥, 대추, 솔잎, 참기름, 풋콩, 소금, 깨, 녹두, 꿀, 설탕, 물, 계핏가루",농림축산식품부,
만두,만두,"밀가루, 물, 소금, 다진 소고기, 두부, 숙주, 부추, 다진 파, 다진 마늘, 참기름, 후춧가루, 간장, 식초, 고춧가루, 달걀, 다진생강, 당근, 당면, 버섯, 통깨, 들기름, 미나리","농림축산식품부, 한식진흥원","has_hidden_animal, has_variant"
면,물냉면,"메밀면, 무, 오이, 배, 홍고추, 삶은 계란, 겨자장, 식초, 설탕, 소고기, 양지머리, 물, 대파, 마늘, 통후추, 소금, 동치미 국물, 소고기 육수",한식진흥원,"has_hidden_animal, has_unclear_broth, has_variant"
면,비빔냉면,"메밀면, 무, 오이, 배, 계란, 식초, 겨자장, 소고기, 양지머리, 물, 대파, 마늘, 생각, 통후추, 설탕, 소금, 양파, 사과, 고추장, 고춧가루, 꿀",한식진흥원,"has_hidden_animal, has_unclear_broth, has_variant"
면,칼국수,"건면, 생면, 애호팍, 실파, 다진 마늘, 닭, 대파, 생강, 물, 소금, 후춧가루, 간장, 고춧가루, 다진 파, 다진 풋고추",한식진흥원,"has_hidden_animal, has_unclear_broth, has_variant"
면,잔치국수,"국멸치, 호박, 당근, 채썬쇠고기, 계란, 소면, 소금, 후춧가루, 국간장, 간장, 고춧가루, 다진파, 참기름, 깨소금, 간장, 설탕, 참기름",농림축산식품부,"has_hidden_animal, has_unclear_broth, has_variant"
면,막국수,"메밀면, 배추김치, 오이, 계란, 구운 김, 깨소금, 천일염, 김치 국물, 물, 설탕, 식초, 국간장, 무, 고춧가루, 식초, 설탕, 소금, 홍고추, 고춧가루, 마늘, 양파, 사과, 간장, 참기름, 겨자",한식진흥원,"has_hidden_animal, has_unclear_broth, has_variant"
밥,김밥,"흰밥, 소금, 참기름, 구운 김, 다진 소고기, 다진 단무지, 오이, 당근, 계란, 식용유, 소금, 참기름, 간장, 설탕, 다진 파, 다진 마늘, 후춧가루, 식초, 물",한식진흥원,"has_hidden_animal, has_variant"
밥,김치볶음밥,"김치, 밥, 감자, 양파, 햄, 식용유, 소금, 후춧가루, 계란",농림축산식품부,"has_hidden_animal, has_variant"
밥,비빔밥,"흰밥, 고추장, 참기름, 생표고버섯, 소금, 식용유, 시금치, 간장, 깨소금, 콩나물, 다진 소고기, 설탕, 다진 파, 다진 마늘, 후춧가루",한식진흥원,"has_hidden_animal, has_variant"
무침,잡채,"소고기, 오이, 소금, 양파, 당근, 마른 표고버섯, 당면, 계란, 식용유, 간장, 설탕, 다진 파, 다진 마늘, 깨소금, 참기름, 후춧가루, 물",한식진흥원,"has_hidden_animal, has_unclear_jeotgal"
무침,콩나물무침,"콩나물, 다진파, 다진마늘, 깨소금, 참기름, 실고추, 소금, 후춧가루",농림축산식품부,
분식,떡볶이,"가래떡, 양파, 대파, 피망, 비엔나소시지, 고추장, 간장, 물, 설탕, 물엿",농림축산식품부,"has_hidden_animal, has_variant"
분식,라볶이,"라면, 떡, 어묵, 대파, 마늘, 고추장, 설탕, 고춧가루",농림축산식품부,"has_hidden_animal, has_variant"
분식,순대,"돼지 소창, 밀가루, 찹쌀, 삶은 우거지, 숙주, 배추, 선지, 된장, 생강, 간장, 다진 파, 다진 마늘, 다진 생강, 참기름, 소금, 후춧가루, 고춧가루, 물",한식진흥원,"has_hidden_animal, has_variant"
분식,오징어 순대,"오징어, 쇠고기, 표고버섯, 당근, 두부, 당면, 피망, 양상추, 설탕, 다진파, 다진마늘, 참기름, 후춧가루, 간장, 식초, 깨소금, 통깨, 깻잎, 다진파슬리, 샐러리",농림축산식품부,"has_hidden_animal, has_variant"
분식,떡꼬치,"가래떡, 쇠고기, 마늘, 브로콜리, 고추장, 고춧가루, 설탕, 간장, 후춧가루, 깨소금, 물, 참기름",농림축산식품부,"has_hidden_animal, has_variant"
쌈,보쌈,"돼지고기, 삽겹살, 목살, 물, 청주, 된장, 대파, 마늘, 배추속대, 소금, 무, 고춧가루, 설탕, 다진 파, 다진 마늘, 다진 생강, 새우젓, 식초, 깨소금",한식진흥원,"has_unclear_jeotgal, has_unclear_seasoning"
음청류,수정과,"생강, 통계피, 물, 황설탕, 곶감, 호두, 잣",농림축산식품부,
음청류,식혜,"쌀, 찹쌀, 엿기름가루, 물, 설탕, 생강, 잣, 대추채",한식진흥원,
장,간장게장,"꽃게, 간장, 물, 생강, 마늘, 청고추, 다진파, 채썬마늘, 채썬생강, 고춧가루, 참기름, 깨소금, 설탕",농림축산식품부,"has_unclear_jeotgal, has_unclear_seasoning"
장,양념게장,"꽃게, 미나리, 마늘, 풋고추, 홍고추, 고춧가루, 물엿, 간장, 다진 마늘, 다진 생강, 청주, 통깨, 소금",한식진흥원,"has_unclear_jeotgal, has_unclear_seasoning"
장아찌,깻잎장아찌,"고춧가루, 간장, 까나리액젓, 쪽파, 설탕, 깻잎, 다진마늘, 통깨, 홍고추",농림축산식품부,has_unclear_jeotgal
전,감자전,"감자, 애호박, 감자 전분, 물, 소금, 식용유, 간장, 식초, 고춧가루, 풋고추",한식진흥원,"has_hidden_animal, has_unclear_jeotgal"
전,계란말이,"계란, 다진파, 다진마늘, 소금, 후춧가루, 물, 식용유, 다시마",농림축산식품부,has_hidden_animal
전,김치전,"익은 배추김치, 식용유, 밀가루, 물, 계란, 간장, 식초, 설탕",한식진흥원,has_unclear_jeotgal
전,동그랑땡,"감자, 두부, 당근, 피망, 계란, 다진마늘, 밀가루, 소금, 후춧가루, 포도씨유",농림축산식품부,"has_hidden_animal, has_variant"
전,애호박전,"애호박, 밀가루, 계란, 식용유, 소금, 간장, 물, 식초, 잣가루",한식진흥원,
전,생선전,"대구살, 소금, 후춧가루, 밀가루, 계란, 식용유, 간장, 물, 식초, 잣가루, 쑥갓","농림축산식품부, 한식진흥원",
전,고기전,"다진 소고기, 우둔살, 두부, 밀가루, 계란, 식용유, 소금, 설탕, 다진 파, 다진 마늘, 참기름, 깨소금, 후춧가루, 간장, 물, 식초, 잣가루",한식진흥원,has_hidden_animal
전,파전,"실파, 소고기, 조갯살, 밀가루, 쌀가루, 물, 계란, 소금, 간장, 설탕, 다진 파, 다진 마늘, 참기름, 깨소금, 후춧가루, 식초, 고춧가루",한식진흥원,"has_hidden_animal, has_variant"
전골,곱창전골,"곱창, 양, 대파, 마늘, 생강, 물, 당근, 양배추, 양파, 표고버섯, 미나리, 우동면, 쑥갓, 소금, 후추, 고춧가루, 고추장, 간장, 다진파, 밀가루",농림축산식품부,has_unclear_seasoning
조림,장조림,"쇠고기, 대파, 마늘, 생강, 물, 계란, 홍고추, 진간장, 설탕, 참기름",농림축산식품부,has_variant
죽,전복죽,"전복, 쌀, 물, 참기름, 소금, 깨소금, 실파, 김",농림축산식품부,
죽,호박죽,"호박, 팥, 찹쌀, 물, 설탕, 소금",농림축산식품부,
찌개,김치찌개,"배추김치, 돼지고기, 가래떡, 대파, 다진마늘, 참기름, 육수, 고춧가루, 생강즙",농림축산식품부,"has_unclear_broth, has_unclear_jeotgal"
찌개,된장찌개,"멸치, 다시마, 표고버섯, 애호박, 청고추, 홍고추, 두부, 된장, 고춧가루, 다진마늘, 대파, 참기름",농림축산식품부,"has_unclear_broth, has_unclear_jeotgal"
찌개,순두부찌개,"순두부, 돼지고기, 바지락, 배추김치, 양파, 대파, 고춧가루, 다진마늘, 계란, 소금, 후춧가루, 식용유, 물",농림축산식품부,"has_hidden_animal, has_unclear_broth, has_unclear_jeotgal"
찌개,부대찌개,"햄, 소시지, 베이컨, 김치, 두부, 홍고추, 청고추, 깻잎, 스파게티, 쑥갓, 양송이버섯, 물, 고춧가루, 고추장, 설탕, 다진파, 다진마늘",농림축산식품부,"has_hidden_animal, has_unclear_broth, has_variant"
찜,갈비찜,"쇠고기, 무, 당근, 표고버섯, 밤, 계란, 홍고추, 은행, 잣, 간장, 설탕, 청주, 배, 다진파, 다진마늘, 깨소금, 참기름, 후춧가루, 대파",농림축산식품부,has_unclear_seasoning
찜,족발,"돼지 족, 양파, 대파, 생강, 마늘, 통후추, 정향, 된장, 간장, 물, 물엿, 흑설탕, 마른 고추, 새우젓, 다진 마늘, 고춧가루, 통깨",한식진흥원,"has_unclear_jeotgal, has_unclear_seasoning"
탕,갈비탕,"쇠고기, 무, 물, 국간장, 다진파, 다진마늘, 참기름, 후추",농림축산식품부,has_unclear_broth
탕,감자탕,"돼지고기, 감자, 대파, 물, 마늘, 생강, 간장, 고춧가루, 술, 소금, 후춧가루, 청정원맛선생",농림축산식품부,"has_unclear_broth, has_unclear_seasoning"
탕,삼계탕,"닭고기, 찹쌀, 마늘, 대추, 수삼, 대파, 생강, 물, 소금, 후춧가루",농림축산식품부,has_unclear_broth
튀김,새우튀김,"새우, 밀가루, 달걀, 빵가루, 식용유, 소금, 후추, 밀가루, 물",직접추가,
디저트,약과,"밀가루, 참기름, 식용유, 꿀, 조청, 소금, 물, 생강즙, 청주, 맛술, 계피, 물엿, 생강, 깨, 잣, 견과류",직접추가,
디저트,호떡,"밀가루, 물, 우유, 이스트, 설탕, 소금, 식용유, 흑설탕, 계핏가루, 땅콩, 해바라기씨, 호두, 아몬드, 버터",직접추가,
디저트,붕어빵,"밀가루, 찹쌀가루, 베이킹파우더, 설탕, 소금, 달걀, 우유, 물, 식용유, 팥앙금",직접추가,
디저트,슈크림 붕어빵,"붕어빵 레시피
밀가루, 찹쌀가루, 베이킹파우더, 설탕, 소금, 달걀, 우유, 물, 식용유, 커스터드크림, 버터, 바닐라향",직접추가,
회,육회,"쇠고기, 배, 잣가루, 오이, 잣, 상추, 간장, 참기름, 깨소금, 후춧가루, 설탕, 계란노른자",농림축산식품부,