menu_name,ingredient_canonical,n_total,k_count,freq,alpha_prior,beta_prior
갈비찜,당근,3,3,1.0,4.0,1.0
갈비찜,무,3,3,1.0,4.0,1.0
갈비찜,갈비,3,2,0.667,3.0,2.0
갈비찜,대파,3,2,0.667,3.0,2.0
갈비찜,물,3,2,0.667,3.0,2.0
갈비찜,고추,3,2,0.667,3.0,2.0
갈비찜,표고버섯,3,1,0.333,2.0,3.0
갈비찜,양파,3,1,0.333,2.0,3.0
갈비찜,감자,3,1,0.333,2.0,3.0
갈비찜,청양고추,3,1,0.333,2.0,3.0
갈비찜,새미네부엌장조림소스,3,1,0.333,2.0,3.0
갈비찜,후춧가루,3,1,0.333,2.0,3.0
갈비찜,월계수잎,3,1,0.333,2.0,3.0
갈비찜,소고기,3,1,0.333,2.0,3.0
갈비찜,파인애플,3,1,0.333,2.0,3.0
갈비찜,버섯,3,1,0.333,2.0,3.0
갈비찜,알밤(,3,1,0.333,2.0,3.0
갈비찜,간장,3,1,0.333,2.0,3.0
갈비찜,설탕,3,1,0.333,2.0,3.0
갈비찜,맛술,3,1,0.333,2.0,3.0
갈비찜,생강,3,1,0.333,2.0,3.0
갈비찜,마늘,3,1,0.333,2.0,3.0
갈비탕,갈비,1,1,1.0,2.0,1.0
갈비탕,물,1,1,1.0,2.0,1.0
갈비탕,대파,1,1,1.0,2.0,1.0
갈비탕,후춧가루,1,1,1.0,2.0,1.0
갈비탕,순,1,1,1.0,2.0,1.0
감자전,감자,2,2,1.0,3.0,1.0
감자전,식용유,2,1,0.5,2.0,2.0
감자전,양파,2,1,0.5,2.0,2.0
감자전,순,2,1,0.5,2.0,2.0
감자전,라이스페이퍼,2,1,0.5,2.0,2.0
감자전,치즈,2,1,0.5,2.0,2.0
감자전,연두,2,1,0.5,2.0,2.0
계란말이,계란,15,15,1.0,16.0,1.0
계란말이,양파,15,11,0.733,12.0,5.0
계란말이,당근,15,8,0.533,9.0,8.0
계란말이,소금,15,6,0.4,7.0,10.0
계란말이,김,15,5,0.333,6.0,11.0
계란말이,밥,15,4,0.267,5.0,12.0
계란말이,순,15,4,0.267,5.0,12.0
계란말이,참기름,15,4,0.267,5.0,12.0
계란말이,연두,15,4,0.267,5.0,12.0
계란말이,식용유,15,3,0.2,4.0,13.0
계란말이,설탕,15,3,0.2,4.0,13.0
계란말이,쪽파,15,3,0.2,4.0,13.0
계란말이,단무지,15,3,0.2,4.0,13.0
계란말이,부추,15,2,0.133,3.0,14.0
계란말이,후춧가루,15,2,0.133,3.0,14.0
계란말이,햄,15,2,0.133,3.0,14.0
계란말이,채소,15,1,0.067,2.0,15.0
계란말이,대파,15,1,0.067,2.0,15.0
계란말이,요리에센스,15,1,0.067,2.0,15.0
계란말이,애호박,15,1,0.067,2.0,15.0
계란말이,새미네부엌연두순,15,1,0.067,2.0,15.0
계란말이,어묵,15,1,0.067,2.0,15.0
계란말이,쌀,15,1,0.067,2.0,15.0
계란말이,참치,15,1,0.067,2.0,15.0
계란말이,마요네즈,15,1,0.067,2.0,15.0
계란말이,깻잎,15,1,0.067,2.0,15.0
계란말이,샘표요리에센스,15,1,0.067,2.0,15.0
계란말이,깨,15,1,0.067,2.0,15.0
계란말이,치즈,15,1,0.067,2.0,15.0
계란말이,맛살,15,1,0.067,2.0,15.0
계란말이,마늘,15,1,0.067,2.0,15.0
계란말이,파,15,1,0.067,2.0,15.0
계란말이,옥수수콘,15,1,0.067,2.0,15.0
곰탕,소고기,1,1,1.0,2.0,1.0
곰탕,물,1,1,1.0,2.0,1.0
곰탕,양파,1,1,1.0,2.0,1.0
곰탕,대파,1,1,1.0,2.0,1.0
곰탕,생강,1,1,1.0,2.0,1.0
곰탕,마늘,1,1,1.0,2.0,1.0
곰탕,밥,1,1,1.0,2.0,1.0
곰탕,순,1,1,1.0,2.0,1.0
곰탕,후춧가루,1,1,1.0,2.0,1.0
김밥,김,15,14,0.933,15.0,2.0
김밥,밥,15,13,0.867,14.0,3.0
김밥,순,15,13,0.867,14.0,3.0
김밥,참기름,15,13,0.867,14.0,3.0
김밥,계란,15,9,0.6,10.0,7.0
김밥,식용유,15,9,0.6,10.0,7.0
김밥,깨,15,8,0.533,9.0,8.0
김밥,소금,15,7,0.467,8.0,9.0
김밥,오이,15,5,0.333,6.0,11.0
김밥,설탕,15,4,0.267,5.0,12.0
김밥,양파,15,4,0.267,5.0,12.0
김밥,당근,15,4,0.267,5.0,12.0
김밥,단무지,15,4,0.267,5.0,12.0
김밥,햄,15,3,0.2,4.0,13.0
김밥,배추김치,15,3,0.2,4.0,13.0
김밥,깻잎,15,2,0.133,3.0,14.0
김밥,시금치,15,2,0.133,3.0,14.0
김밥,치즈,15,1,0.067,2.0,15.0
김밥,진미채볶음,15,1,0.067,2.0,15.0
김밥,마늘,15,1,0.067,2.0,15.0
김밥,묵,15,1,0.067,2.0,15.0
김밥,부추,15,1,0.067,2.0,15.0
김밥,어묵,15,1,0.067,2.0,15.0
김밥,고추,15,1,0.067,2.0,15.0
김밥,소고기,15,1,0.067,2.0,15.0
김밥,청양초,15,1,0.067,2.0,15.0
김밥,고춧가루,15,1,0.067,2.0,15.0
김밥,생연어,15,1,0.067,2.0,15.0
김밥,날치알,15,1,0.067,2.0,15.0
김밥,우엉조림,15,1,0.067,2.0,15.0
김밥,생강,15,1,0.067,2.0,15.0
김밥,시소잎,15,1,0.067,2.0,15.0
김밥,새우,15,1,0.067,2.0,15.0
김밥,생와사비,15,1,0.067,2.0,15.0
김밥,냉이,15,1,0.067,2.0,15.0
김밥,자른미역,15,1,0.067,2.0,15.0
김밥,밀가루,15,1,0.067,2.0,15.0
김밥,조미유부,15,1,0.067,2.0,15.0
김밥,물,15,1,0.067,2.0,15.0
김밥,메밀면,15,1,0.067,2.0,15.0
김밥,백오이,15,1,0.067,2.0,15.0
김밥,애호박,15,1,0.067,2.0,15.0
김치볶음밥,배추김치,4,4,1.0,5.0,1.0
김치볶음밥,밥,4,2,0.5,3.0,3.0
김치볶음밥,버터,4,2,0.5,3.0,3.0
김치볶음밥,식용유,4,2,0.5,3.0,3.0
김치볶음밥,설탕,4,2,0.5,3.0,3.0
김치볶음밥,순,4,2,0.5,3.0,3.0
김치볶음밥,치즈,4,1,0.25,2.0,4.0
김치볶음밥,베이컨,4,1,0.25,2.0,4.0
김치볶음밥,진,4,1,0.25,2.0,4.0
김치볶음밥,마가린,4,1,0.25,2.0,4.0
김치볶음밥,계란,4,1,0.25,2.0,4.0
김치볶음밥,밥한공기,4,1,0.25,2.0,4.0
김치볶음밥,고기(좋아하는부위로!,4,1,0.25,2.0,4.0
김치볶음밥,순(필수!!,4,1,0.25,2.0,4.0
김치볶음밥,쪽파,4,1,0.25,2.0,4.0
김치볶음밥,돼지고기,4,1,0.25,2.0,4.0
김치볶음밥,양파,4,1,0.25,2.0,4.0
김치볶음밥,햇판,4,1,0.25,2.0,4.0
김치볶음밥,간장,4,1,0.25,2.0,4.0
김치볶음밥,참기름,4,1,0.25,2.0,4.0
김치볶음밥,후춧가루,4,1,0.25,2.0,4.0
김치전,배추김치,1,1,1.0,2.0,1.0
김치전,김,1,1,1.0,2.0,1.0
김치전,식용유,1,1,1.0,2.0,1.0
김치찌개,배추김치,3,3,1.0,4.0,1.0
김치찌개,돼지고기,3,3,1.0,4.0,1.0
김치찌개,식용유,3,2,0.667,3.0,2.0
김치찌개,대파,3,2,0.667,3.0,2.0
김치찌개,양파,3,2,0.667,3.0,2.0
김치찌개,진,3,2,0.667,3.0,2.0
김치찌개,고춧가루,3,2,0.667,3.0,2.0
김치찌개,마늘,3,2,0.667,3.0,2.0
김치찌개,물혹은쌀뜨물,3,1,0.333,2.0,3.0
김치찌개,청양고추,3,1,0.333,2.0,3.0
김치찌개,고추,3,1,0.333,2.0,3.0
김치찌개,멸치,3,1,0.333,2.0,3.0
김치찌개,다시마,3,1,0.333,2.0,3.0
김치찌개,두부,3,1,0.333,2.0,3.0
김치찌개,물,3,1,0.333,2.0,3.0
김치찌개,김치국물,3,1,0.333,2.0,3.0
김치찌개,생강,3,1,0.333,2.0,3.0
깍두기,쪽파,2,2,1.0,3.0,1.0
깍두기,무,2,1,0.5,2.0,2.0
깍두기,새미네부엌깍두기양념,2,1,0.5,2.0,2.0
깍두기,고춧가루,2,1,0.5,2.0,2.0
깍두기,밥,2,1,0.5,2.0,2.0
깍두기,깍두기,2,1,0.5,2.0,2.0
깍두기,두부,2,1,0.5,2.0,2.0
깍두기,양파,2,1,0.5,2.0,2.0
깍두기,진,2,1,0.5,2.0,2.0
깍두기,고추,2,1,0.5,2.0,2.0
닭갈비,닭고기,3,3,1.0,4.0,1.0
닭갈비,양배추,3,3,1.0,4.0,1.0
닭갈비,양파,3,3,1.0,4.0,1.0
닭갈비,식용유,3,2,0.667,3.0,2.0
닭갈비,깻잎,3,2,0.667,3.0,2.0
닭갈비,간장,3,2,0.667,3.0,2.0
닭갈비,고춧가루,3,2,0.667,3.0,2.0
닭갈비,마늘,3,2,0.667,3.0,2.0
닭갈비,설탕,3,2,0.667,3.0,2.0
닭갈비,떡,3,2,0.667,3.0,2.0
닭갈비,고구마,3,1,0.333,2.0,3.0
닭갈비,대파,3,1,0.333,2.0,3.0
닭갈비,감자,3,1,0.333,2.0,3.0
닭갈비,고추장,3,1,0.333,2.0,3.0
닭갈비,진,3,1,0.333,2.0,3.0
닭갈비,후춧가루,3,1,0.333,2.0,3.0
닭갈비,참기름,3,1,0.333,2.0,3.0
닭갈비,물,3,1,0.333,2.0,3.0
닭갈비,소금,3,1,0.333,2.0,3.0
닭갈비,우리콩,3,1,0.333,2.0,3.0
닭갈비,쪽파,3,1,0.333,2.0,3.0
닭갈비,우동면,3,1,0.333,2.0,3.0
닭갈비,올리고당,3,1,0.333,2.0,3.0
된장찌개,애호박,11,8,0.727,9.0,4.0
된장찌개,감자,11,7,0.636,8.0,5.0
된장찌개,두부,11,7,0.636,8.0,5.0
된장찌개,대파,11,7,0.636,8.0,5.0
된장찌개,물,11,5,0.455,6.0,7.0
된장찌개,고춧가루,11,5,0.455,6.0,7.0
된장찌개,양파,11,5,0.455,6.0,7.0
된장찌개,고추,11,4,0.364,5.0,8.0
된장찌개,토장,11,4,0.364,5.0,8.0
된장찌개,표고버섯,11,3,0.273,4.0,9.0
된장찌개,버섯,11,2,0.182,3.0,10.0
된장찌개,링,11,2,0.182,3.0,10.0
된장찌개,된장,11,2,0.182,3.0,10.0
된장찌개,청양고추,11,1,0.091,2.0,11.0
된장찌개,냉이,11,1,0.091,2.0,11.0
된장찌개,"토장,연두링",11,1,0.091,2.0,11.0
된장찌개,샘표토장,11,1,0.091,2.0,11.0
된장찌개,송이버섯,11,1,0.091,2.0,11.0
된장찌개,파,11,1,0.091,2.0,11.0
된장찌개,새미네토장찌개,11,1,0.091,2.0,11.0
된장찌개,찌개용손질야채,11,1,0.091,2.0,11.0
된장찌개,쌀뜨물:,11,1,0.091,2.0,11.0
된장찌개,토장:,11,1,0.091,2.0,11.0
된장찌개,멸치,11,1,0.091,2.0,11.0
된장찌개,:,11,1,0.091,2.0,11.0
된장찌개,가리비,11,1,0.091,2.0,11.0
된장찌개,무,11,1,0.091,2.0,11.0
된장찌개,새송이버섯,11,1,0.091,2.0,11.0
된장찌개,코인육수,11,1,0.091,2.0,11.0
된장찌개,고추장,11,1,0.091,2.0,11.0
떡볶이,떡,9,9,1.0,10.0,1.0
떡볶이,물,9,6,0.667,7.0,4.0
떡볶이,식용유,9,6,0.667,7.0,4.0
떡볶이,순,9,6,0.667,7.0,4.0
떡볶이,어묵,9,5,0.556,6.0,5.0
떡볶이,고추장,9,5,0.556,6.0,5.0
떡볶이,대파,9,4,0.444,5.0,6.0
떡볶이,마늘,9,4,0.444,5.0,6.0
떡볶이,설탕,9,4,0.444,5.0,6.0
떡볶이,올리고당,9,3,0.333,4.0,7.0
떡볶이,후춧가루,9,2,0.222,3.0,8.0
떡볶이,알룰로스,9,2,0.222,3.0,8.0
떡볶이,차오차이,9,1,0.111,2.0,9.0
떡볶이,돼지고기,9,1,0.111,2.0,9.0
떡볶이,쪽파,9,1,0.111,2.0,9.0
떡볶이,달래,9,1,0.111,2.0,9.0
떡볶이,시금치,9,1,0.111,2.0,9.0
떡볶이,베이컨,9,1,0.111,2.0,9.0
떡볶이,양파,9,1,0.111,2.0,9.0
떡볶이,양송이버섯,9,1,0.111,2.0,9.0
떡볶이,우유,9,1,0.111,2.0,9.0
떡볶이,생크림,9,1,0.111,2.0,9.0
떡볶이,오일,9,1,0.111,2.0,9.0
떡볶이,소시지,9,1,0.111,2.0,9.0
떡볶이,청양고추,9,1,0.111,2.0,9.0
떡볶이,고춧가루,9,1,0.111,2.0,9.0
떡볶이,고형카레반토막(원래는카레가루,9,1,0.111,2.0,9.0
떡볶이,간장,9,1,0.111,2.0,9.0
떡볶이,멸치,9,1,0.111,2.0,9.0
떡볶이,쫄면용면,9,1,0.111,2.0,9.0
떡볶이,양배추,9,1,0.111,2.0,9.0
떡볶이,쫄면용소스,9,1,0.111,2.0,9.0
만두,만두,13,9,0.692,10.0,5.0
만두,순,13,7,0.538,8.0,7.0
만두,양파,13,7,0.538,8.0,7.0
만두,식용유,13,6,0.462,7.0,8.0
만두,새우,13,4,0.308,5.0,10.0
만두,물,13,4,0.308,5.0,10.0
만두,배추,13,4,0.308,5.0,10.0
만두,돼지고기,13,3,0.231,4.0,11.0
만두,부추,13,3,0.231,4.0,11.0
만두,마늘,13,2,0.154,3.0,12.0
만두,고춧가루,13,2,0.154,3.0,12.0
만두,간장,13,2,0.154,3.0,12.0
만두,참기름,13,2,0.154,3.0,12.0
만두,대파,13,2,0.154,3.0,12.0
만두,멸치,13,2,0.154,3.0,12.0
만두,배추김치,13,2,0.154,3.0,12.0
만두,두부,13,2,0.154,3.0,12.0
만두,생강,13,1,0.077,2.0,13.0
만두,양배추,13,1,0.077,2.0,13.0
만두,당근,13,1,0.077,2.0,13.0
만두,깻잎,13,1,0.077,2.0,13.0
만두,식초,13,1,0.077,2.0,13.0
만두,설탕,13,1,0.077,2.0,13.0
만두,깨,13,1,0.077,2.0,13.0
만두,떡,13,1,0.077,2.0,13.0
만두,느타리버섯,13,1,0.077,2.0,13.0
만두,진,13,1,0.077,2.0,13.0
만두,밀가루,13,1,0.077,2.0,13.0
만두,계란,13,1,0.077,2.0,13.0
만두,소금,13,1,0.077,2.0,13.0
만두,후춧가루,13,1,0.077,2.0,13.0
만두,치즈,13,1,0.077,2.0,13.0
만두,폰타나베이컨&머쉬룸크림파스타소스,13,1,0.077,2.0,13.0
만두,팽이버섯,13,1,0.077,2.0,13.0
만두,자투리야채들,13,1,0.077,2.0,13.0
만두,숙주,13,1,0.077,2.0,13.0
무생채,무,2,2,1.0,3.0,1.0
무생채,고춧가루,2,2,1.0,3.0,1.0
무생채,소금,2,2,1.0,3.0,1.0
무생채,쪽파,2,1,0.5,2.0,2.0
무생채,순,2,1,0.5,2.0,2.0
무생채,식초,2,1,0.5,2.0,2.0
무생채,설탕,2,1,0.5,2.0,2.0
무생채,마늘,2,1,0.5,2.0,2.0
무생채,올리고당,2,1,0.5,2.0,2.0
무생채,대파,2,1,0.5,2.0,2.0
물냉면,냉면사리,1,1,1.0,2.0,1.0
물냉면,열무,1,1,1.0,2.0,1.0
물냉면,오이,1,1,1.0,2.0,1.0
물냉면,얼린육수,1,1,1.0,2.0,1.0
물냉면,들기름,1,1,1.0,2.0,1.0
물냉면,식초,1,1,1.0,2.0,1.0
물냉면,매실액,1,1,1.0,2.0,1.0
물냉면,통깨,1,1,1.0,2.0,1.0
미역국,소고기,15,11,0.733,12.0,5.0
미역국,물,15,9,0.6,10.0,7.0
미역국,참기름,15,9,0.6,10.0,7.0
미역국,순,15,8,0.533,9.0,8.0
미역국,소금,15,8,0.533,9.0,8.0
미역국,식용유,15,6,0.4,7.0,10.0
미역국,자른미역,15,5,0.333,6.0,11.0
미역국,연두,15,4,0.267,5.0,12.0
미역국,미역,15,4,0.267,5.0,12.0
미역국,간장,15,2,0.133,3.0,14.0
미역국,마늘,15,2,0.133,3.0,14.0
미역국,마른미역,15,2,0.133,3.0,14.0
미역국,건미역귀,15,1,0.067,2.0,15.0
미역국,미역(한줌,15,1,0.067,2.0,15.0
미역국,링(표고다시다,15,1,0.067,2.0,15.0
미역국,"요리에센스연두(아이-연두우리콩,어른-연두순",15,1,0.067,2.0,15.0
미역국,양파,15,1,0.067,2.0,15.0
미역국,들기름,15,1,0.067,2.0,15.0
미역국,사골,15,1,0.067,2.0,15.0
미역국,미역불리기용물,15,1,0.067,2.0,15.0
미역국,참치캔,15,1,0.067,2.0,15.0
미역국,쌀소면,15,1,0.067,2.0,15.0
미역국,오일(미역볶음용,15,1,0.067,2.0,15.0
미역국,링,15,1,0.067,2.0,15.0
미역국,깐메추리알,15,1,0.067,2.0,15.0
미역국,새미네부엌장조림소스,15,1,0.067,2.0,15.0
미역국,미역조금,15,1,0.067,2.0,15.0
미역국,한스푼,15,1,0.067,2.0,15.0
미역국,건미역,15,1,0.067,2.0,15.0
미역국,미역불릴때.물,15,1,0.067,2.0,15.0
보쌈,돼지고기,7,4,0.571,5.0,4.0
보쌈,물,7,3,0.429,4.0,5.0
보쌈,무,7,3,0.429,4.0,5.0
보쌈,배추김치,7,3,0.429,4.0,5.0
보쌈,새미네부엌수육보쌈육수,7,2,0.286,3.0,6.0
보쌈,쪽파,7,2,0.286,3.0,6.0
보쌈,고춧가루,7,2,0.286,3.0,6.0
보쌈,새미네부엌수육보쌈소스,7,2,0.286,3.0,6.0
보쌈,수육용고기,7,1,0.143,2.0,7.0
보쌈,굴횟감용,7,1,0.143,2.0,7.0
보쌈,새미네부엌수육소스,7,1,0.143,2.0,7.0
보쌈,보쌈용고기,7,1,0.143,2.0,7.0
보쌈,새미네부엌보쌈고기소스,7,1,0.143,2.0,7.0
보쌈,배추,7,1,0.143,2.0,7.0
부대찌개,햄,2,2,1.0,3.0,1.0
부대찌개,프랑크소시지,2,2,1.0,3.0,1.0
부대찌개,배추김치,2,2,1.0,3.0,1.0
부대찌개,양파,2,2,1.0,3.0,1.0
부대찌개,마늘,2,2,1.0,3.0,1.0
부대찌개,고춧가루,2,2,1.0,3.0,1.0
부대찌개,대파,2,1,0.5,2.0,2.0
부대찌개,떡,2,1,0.5,2.0,2.0
부대찌개,진,2,1,0.5,2.0,2.0
부대찌개,물,2,1,0.5,2.0,2.0
부대찌개,소고기,2,1,0.5,2.0,2.0
부대찌개,두부,2,1,0.5,2.0,2.0
부대찌개,사골,2,1,0.5,2.0,2.0
부대찌개,연두,2,1,0.5,2.0,2.0
부대찌개,링,2,1,0.5,2.0,2.0
부추김치,부추,3,3,1.0,4.0,1.0
부추김치,물,3,3,1.0,4.0,1.0
부추김치,배추김치,3,3,1.0,4.0,1.0
부추김치,고춧가루,3,3,1.0,4.0,1.0
부추김치,당근,3,2,0.667,3.0,2.0
부추김치,쪽파,3,1,0.333,2.0,3.0
불고기,양파,9,9,1.0,10.0,1.0
불고기,소고기,9,8,0.889,9.0,2.0
불고기,후춧가루,9,6,0.667,7.0,4.0
불고기,대파,9,5,0.556,6.0,5.0
불고기,식용유,9,5,0.556,6.0,5.0
불고기,설탕,9,5,0.556,6.0,5.0
불고기,간장,9,4,0.444,5.0,6.0
불고기,참기름,9,4,0.444,5.0,6.0
불고기,마늘,9,4,0.444,5.0,6.0
불고기,소금,9,4,0.444,5.0,6.0
불고기,물,9,3,0.333,4.0,7.0
불고기,올리고당,9,3,0.333,4.0,7.0
불고기,감자,9,3,0.333,4.0,7.0
불고기,부침가루,9,3,0.333,4.0,7.0
불고기,전분,9,3,0.333,4.0,7.0
불고기,치즈,9,2,0.222,3.0,8.0
불고기,생강,9,2,0.222,3.0,8.0
불고기,고구마,9,2,0.222,3.0,8.0
불고기,사워크림,9,2,0.222,3.0,8.0
불고기,폰타나데미글라스커틀렛소스,9,2,0.222,3.0,8.0
불고기,파프리카,9,2,0.222,3.0,8.0
불고기,샘표조선불고기양념,9,1,0.111,2.0,9.0
불고기,밥,9,1,0.111,2.0,9.0
불고기,버터,9,1,0.111,2.0,9.0
불고기,당근,9,1,0.111,2.0,9.0
불고기,팽이버섯,9,1,0.111,2.0,9.0
불고기,진,9,1,0.111,2.0,9.0
불고기,느타리버섯,9,1,0.111,2.0,9.0
불고기,쪽파,9,1,0.111,2.0,9.0
불고기,순,9,1,0.111,2.0,9.0
불고기,깨,9,1,0.111,2.0,9.0
불고기,쌀,9,1,0.111,2.0,9.0
불고기,돼지고기,9,1,0.111,2.0,9.0
불고기,파슬리,9,1,0.111,2.0,9.0
불고기,폰타나데미글라스커틀렛소스¾병,9,1,0.111,2.0,9.0
불고기,콩나물,9,1,0.111,2.0,9.0
불고기,연두,9,1,0.111,2.0,9.0
불고기,파,9,1,0.111,2.0,9.0
불고기,당면,9,1,0.111,2.0,9.0
불고기,버섯,9,1,0.111,2.0,9.0
불고기,배,9,1,0.111,2.0,9.0
불고기,식초,9,1,0.111,2.0,9.0
불고기,통깨,9,1,0.111,2.0,9.0
비빔밥,참기름,9,6,0.667,7.0,4.0
비빔밥,밥,9,5,0.556,6.0,5.0
비빔밥,순,9,5,0.556,6.0,5.0
비빔밥,깨,9,4,0.444,5.0,6.0
비빔밥,김,9,3,0.333,4.0,7.0
비빔밥,간장,9,3,0.333,4.0,7.0
비빔밥,당근,9,3,0.333,4.0,7.0
비빔밥,양파,9,3,0.333,4.0,7.0
비빔밥,고추장,9,3,0.333,4.0,7.0
비빔밥,계란,9,3,0.333,4.0,7.0
비빔밥,애호박,9,2,0.222,3.0,8.0
비빔밥,쪽파,9,2,0.222,3.0,8.0
비빔밥,콩나물,9,2,0.222,3.0,8.0
비빔밥,식용유,9,2,0.222,3.0,8.0
비빔밥,고추,9,2,0.222,3.0,8.0
비빔밥,청양고추,9,2,0.222,3.0,8.0
비빔밥,고춧가루,9,2,0.222,3.0,8.0
비빔밥,마늘,9,2,0.222,3.0,8.0
비빔밥,새송이버섯,9,1,0.111,2.0,9.0
비빔밥,느타리버섯,9,1,0.111,2.0,9.0
비빔밥,무,9,1,0.111,2.0,9.0
비빔밥,표고버섯,9,1,0.111,2.0,9.0
비빔밥,청상추,9,1,0.111,2.0,9.0
비빔밥,물,9,1,0.111,2.0,9.0
비빔밥,시금치,9,1,0.111,2.0,9.0
비빔밥,진,9,1,0.111,2.0,9.0
비빔밥,소고기,9,1,0.111,2.0,9.0
비빔밥,설탕,9,1,0.111,2.0,9.0
비빔밥,꼬막,9,1,0.111,2.0,9.0
비빔밥,보리밥,9,1,0.111,2.0,9.0
비빔밥,미나리,9,1,0.111,2.0,9.0
비빔밥,소금,9,1,0.111,2.0,9.0
비빔밥,꼬막삶는용)정수물,9,1,0.111,2.0,9.0
비빔밥,부추,9,1,0.111,2.0,9.0
비빔밥,명란,9,1,0.111,2.0,9.0
비빔밥,봄동,9,1,0.111,2.0,9.0
비빔밥,새미네부엌겉절이양념,9,1,0.111,2.0,9.0
비빔밥,밥&장조림,9,1,0.111,2.0,9.0
비빔밥,버터,9,1,0.111,2.0,9.0
비빔밥,통깨,9,1,0.111,2.0,9.0
비빔밥,꼬막:,9,1,0.111,2.0,9.0
비빔밥,:,9,1,0.111,2.0,9.0
비빔밥,매실액,9,1,0.111,2.0,9.0
비빔밥,깨:,9,1,0.111,2.0,9.0
삼겹살,돼지고기,9,8,0.889,9.0,2.0
삼겹살,마늘,9,6,0.667,7.0,4.0
삼겹살,고추,9,3,0.333,4.0,7.0
삼겹살,새미네부엌장조림소스,9,3,0.333,4.0,7.0
삼겹살,대파,9,3,0.333,4.0,7.0
삼겹살,양파,9,2,0.222,3.0,8.0
삼겹살,올리고당,9,2,0.222,3.0,8.0
삼겹살,설탕,9,2,0.222,3.0,8.0
삼겹살,간장,9,2,0.222,3.0,8.0
삼겹살,세발나물,9,1,0.111,2.0,9.0
삼겹살,밥,9,1,0.111,2.0,9.0
삼겹살,쪽파,9,1,0.111,2.0,9.0
삼겹살,계란,9,1,0.111,2.0,9.0
삼겹살,토장,9,1,0.111,2.0,9.0
삼겹살,맛술,9,1,0.111,2.0,9.0
삼겹살,파프리카,9,1,0.111,2.0,9.0
삼겹살,닭고기,9,1,0.111,2.0,9.0
삼겹살,팽이버섯,9,1,0.111,2.0,9.0
삼겹살,청양고추,9,1,0.111,2.0,9.0
삼겹살,새미네장조림소스,9,1,0.111,2.0,9.0
삼겹살,새미네부엌장조림소스한봉,9,1,0.111,2.0,9.0
삼겹살,양배추,9,1,0.111,2.0,9.0
삼겹살,고추장,9,1,0.111,2.0,9.0
삼겹살,쌀소면,9,1,0.111,2.0,9.0
삼겹살,고춧가루,9,1,0.111,2.0,9.0
삼겹살,식초,9,1,0.111,2.0,9.0
삼겹살,송송썰은파,9,1,0.111,2.0,9.0
삼겹살,통깨,9,1,0.111,2.0,9.0
삼겹살,물두컵,9,1,0.111,2.0,9.0
삼겹살,와인두컵,9,1,0.111,2.0,9.0
삼계탕,닭고기,5,5,1.0,6.0,1.0
삼계탕,물,5,3,0.6,4.0,3.0
삼계탕,마늘,5,3,0.6,4.0,3.0
삼계탕,새미네부엌백숙삼계탕육수,5,2,0.4,3.0,4.0
삼계탕,수삼,5,2,0.4,3.0,4.0
삼계탕,대파,5,2,0.4,3.0,4.0
삼계탕,대추,5,2,0.4,3.0,4.0
삼계탕,밤,5,1,0.2,2.0,5.0
삼계탕,찹쌀,5,1,0.2,2.0,5.0
삼계탕,맛술,5,1,0.2,2.0,5.0
삼계탕,순,5,1,0.2,2.0,5.0
삼계탕,소금,5,1,0.2,2.0,5.0
삼계탕,후춧가루,5,1,0.2,2.0,5.0
삼계탕,찹쌀반컵,5,1,0.2,2.0,5.0
삼계탕,새미네부엌백숙삼계탕육수한봉,5,1,0.2,2.0,5.0
삼계탕,불린찹쌀,5,1,0.2,2.0,5.0
삼계탕,은행,5,1,0.2,2.0,5.0
삼계탕,인삼,5,1,0.2,2.0,5.0
삼계탕,"찹쌀,녹두,건대추,깐밤조금",5,1,0.2,2.0,5.0
삼계탕,전복,5,1,0.2,2.0,5.0
새우튀김,새우,1,1,1.0,2.0,1.0
새우튀김,식용유,1,1,1.0,2.0,1.0
새우튀김,소금,1,1,1.0,2.0,1.0
새우튀김,김,1,1,1.0,2.0,1.0
새우튀김,물,1,1,1.0,2.0,1.0
송편,송편,2,1,0.5,2.0,2.0
송편,식용유,2,1,0.5,2.0,2.0
송편,치즈,2,1,0.5,2.0,2.0
송편,베이컨,2,1,0.5,2.0,2.0
송편,양파,2,1,0.5,2.0,2.0
송편,폰타나나폴리뽀모도로토마토파스타소스,2,1,0.5,2.0,2.0
송편,멥쌀가루,2,1,0.5,2.0,2.0
송편,물,2,1,0.5,2.0,2.0
송편,통조림병아리콩,2,1,0.5,2.0,2.0
송편,간장,2,1,0.5,2.0,2.0
송편,설탕,2,1,0.5,2.0,2.0
송편,깨,2,1,0.5,2.0,2.0
순대,순대,1,1,1.0,2.0,1.0
순대,양배추,1,1,1.0,2.0,1.0
순대,깻잎,1,1,1.0,2.0,1.0
순대,양파,1,1,1.0,2.0,1.0
순대,파,1,1,1.0,2.0,1.0
순대,고추장,1,1,1.0,2.0,1.0
순대,고춧가루,1,1,1.0,2.0,1.0
순대,간장,1,1,1.0,2.0,1.0
순대,올리고당,1,1,1.0,2.0,1.0
순대,마늘,1,1,1.0,2.0,1.0
순대,대파,1,1,1.0,2.0,1.0
순대,맛술,1,1,1.0,2.0,1.0
순대,다진생각,1,1,1.0,2.0,1.0
순대,물,1,1,1.0,2.0,1.0
순두부찌개,두부,4,4,1.0,5.0,1.0
순두부찌개,양파,4,4,1.0,5.0,1.0
순두부찌개,대파,4,3,0.75,4.0,2.0
순두부찌개,물,4,2,0.5,3.0,3.0
순두부찌개,애호박,4,2,0.5,3.0,3.0
순두부찌개,식용유,4,2,0.5,3.0,3.0
순두부찌개,고추,4,2,0.5,3.0,3.0
순두부찌개,마늘,4,2,0.5,3.0,3.0
순두부찌개,무,4,2,0.5,3.0,3.0
순두부찌개,고춧가루,4,2,0.5,3.0,3.0
순두부찌개,후춧가루,4,2,0.5,3.0,3.0
순두부찌개,계란,4,2,0.5,3.0,3.0
순두부찌개,진,4,1,0.25,2.0,4.0
순두부찌개,돼지고기,4,1,0.25,2.0,4.0
순두부찌개,바지락,4,1,0.25,2.0,4.0
순두부찌개,순,4,1,0.25,2.0,4.0
순두부찌개,버섯(마음대로!,4,1,0.25,2.0,4.0
순두부찌개,연두,4,1,0.25,2.0,4.0
시금치나물,시금치,3,3,1.0,4.0,1.0
시금치나물,소금,3,3,1.0,4.0,1.0
시금치나물,참기름,3,3,1.0,4.0,1.0
시금치나물,연두,3,2,0.667,3.0,2.0
시금치나물,통깨,3,2,0.667,3.0,2.0
시금치나물,마늘,3,1,0.333,2.0,3.0
시금치나물,순,3,1,0.333,2.0,3.0
시금치나물,깨,3,1,0.333,2.0,3.0
식혜,밥,1,1,1.0,2.0,1.0
식혜,엿기름,1,1,1.0,2.0,1.0
식혜,설탕,1,1,1.0,2.0,1.0
식혜,물,1,1,1.0,2.0,1.0
애호박전,애호박,1,1,1.0,2.0,1.0
애호박전,대파,1,1,1.0,2.0,1.0
애호박전,돼지고기,1,1,1.0,2.0,1.0
애호박전,양파,1,1,1.0,2.0,1.0
애호박전,계란,1,1,1.0,2.0,1.0
애호박전,부침가루,1,1,1.0,2.0,1.0
애호박전,식용유,1,1,1.0,2.0,1.0
애호박전,순,1,1,1.0,2.0,1.0
애호박전,생강,1,1,1.0,2.0,1.0
애호박전,후춧가루,1,1,1.0,2.0,1.0
애호박전,참기름,1,1,1.0,2.0,1.0
애호박전,고추,1,1,1.0,2.0,1.0
애호박전,청양고추,1,1,1.0,2.0,1.0
애호박전,깻잎,1,1,1.0,2.0,1.0
양념치킨,고추장,1,1,1.0,2.0,1.0
양념치킨,순,1,1,1.0,2.0,1.0
양념치킨,올리고당,1,1,1.0,2.0,1.0
양념치킨,케첩,1,1,1.0,2.0,1.0
양념치킨,마늘,1,1,1.0,2.0,1.0
양념치킨,설탕,1,1,1.0,2.0,1.0
열무김치,열무,1,1,1.0,2.0,1.0
열무김치,소면,1,1,1.0,2.0,1.0
열무김치,물,1,1,1.0,2.0,1.0
열무김치,순,1,1,1.0,2.0,1.0
열무김치,설탕,1,1,1.0,2.0,1.0
열무김치,식초,1,1,1.0,2.0,1.0
오이소박이,오이,3,3,1.0,4.0,1.0
오이소박이,부추,3,3,1.0,4.0,1.0
오이소박이,고춧가루,3,3,1.0,4.0,1.0
오이소박이,새미네부엌오이소박이양념,3,2,0.667,3.0,2.0
오이소박이,새미네오이소박이양념,3,1,0.333,2.0,3.0
육개장,소고기,1,1,1.0,2.0,1.0
육개장,대파,1,1,1.0,2.0,1.0
육개장,삶은고사리,1,1,1.0,2.0,1.0
육개장,고추,1,1,1.0,2.0,1.0
육개장,느타리버섯,1,1,1.0,2.0,1.0
육개장,계란,1,1,1.0,2.0,1.0
육개장,진,1,1,1.0,2.0,1.0
육개장,고춧가루,1,1,1.0,2.0,1.0
육개장,마늘,1,1,1.0,2.0,1.0
육개장,물,1,1,1.0,2.0,1.0
육회,소고기,1,1,1.0,2.0,1.0
육회,쪽파,1,1,1.0,2.0,1.0
육회,부추,1,1,1.0,2.0,1.0
육회,순,1,1,1.0,2.0,1.0
육회,설탕,1,1,1.0,2.0,1.0
육회,참기름,1,1,1.0,2.0,1.0
육회,깨,1,1,1.0,2.0,1.0
육회,계란,1,1,1.0,2.0,1.0
육회,배,1,1,1.0,2.0,1.0
잔치국수,소면,1,1,1.0,2.0,1.0
잔치국수,양파,1,1,1.0,2.0,1.0
잔치국수,당근,1,1,1.0,2.0,1.0
잔치국수,애호박,1,1,1.0,2.0,1.0
잔치국수,순,1,1,1.0,2.0,1.0
잔치국수,물,1,1,1.0,2.0,1.0
잔치국수,멸치,1,1,1.0,2.0,1.0
잡채,양파,15,12,0.8,13.0,4.0
잡채,채소,15,11,0.733,12.0,5.0
잡채,식용유,15,9,0.6,10.0,7.0
잡채,참기름,15,8,0.533,9.0,8.0
잡채,돼지고기,15,8,0.533,9.0,8.0
잡채,당근,15,6,0.4,7.0,10.0
잡채,당면,15,6,0.4,7.0,10.0
잡채,쪽파,15,4,0.267,5.0,12.0
잡채,소고기,15,4,0.267,5.0,12.0
잡채,피망,15,4,0.267,5.0,12.0
잡채,느타리버섯,15,3,0.2,4.0,13.0
잡채,깨,15,3,0.2,4.0,13.0
잡채,두부,15,2,0.133,3.0,14.0
잡채,마늘,15,2,0.133,3.0,14.0
잡채,부추,15,2,0.133,3.0,14.0
잡채,밥,15,1,0.067,2.0,15.0
잡채,완성된잡채,15,1,0.067,2.0,15.0
잡채,진,15,1,0.067,2.0,15.0
잡채,청피망,15,1,0.067,2.0,15.0
잡채,홍피망,15,1,0.067,2.0,15.0
잡채,콩나물,15,1,0.067,2.0,15.0
잡채,순,15,1,0.067,2.0,15.0
잡채,고춧가루,15,1,0.067,2.0,15.0
잡채,무,15,1,0.067,2.0,15.0
잡채,미나리,15,1,0.067,2.0,15.0
잡채,파프리카,15,1,0.067,2.0,15.0
잡채,깨한꼬집,15,1,0.067,2.0,15.0
잡채,고추,15,1,0.067,2.0,15.0
잡채,새송이버섯,15,1,0.067,2.0,15.0
잡채,파스타면,15,1,0.067,2.0,15.0
잡채,간장,15,1,0.067,2.0,15.0
잡채,표고버섯,15,1,0.067,2.0,15.0
잡채,목이버섯,15,1,0.067,2.0,15.0
잡채,통깨,15,1,0.067,2.0,15.0
장조림,고추,15,7,0.467,8.0,9.0
장조림,새미네부엌장조림소스,15,7,0.467,8.0,9.0
장조림,소고기,15,6,0.4,7.0,10.0
장조림,물,15,5,0.333,6.0,11.0
장조림,마늘,15,4,0.267,5.0,12.0
장조림,계란,15,4,0.267,5.0,12.0
장조림,돼지고기,15,3,0.2,4.0,13.0
장조림,간장,15,3,0.2,4.0,13.0
장조림,메추리알,15,3,0.2,4.0,13.0
장조림,대파,15,2,0.133,3.0,14.0
장조림,양파,15,2,0.133,3.0,14.0
장조림,부침가루,15,1,0.067,2.0,15.0
장조림,물약,15,1,0.067,2.0,15.0
장조림,식용유,15,1,0.067,2.0,15.0
장조림,청양고추,15,1,0.067,2.0,15.0
장조림,쪽파,15,1,0.067,2.0,15.0
장조림,삶은메추리알,15,1,0.067,2.0,15.0
장조림,새미네부엌메추리알장조림소스,15,1,0.067,2.0,15.0
장조림,밥&장조림,15,1,0.067,2.0,15.0
장조림,버터,15,1,0.067,2.0,15.0
장조림,통깨,15,1,0.067,2.0,15.0
장조림,닭고기,15,1,0.067,2.0,15.0
장조림,부채살,15,1,0.067,2.0,15.0
장조림,연두,15,1,0.067,2.0,15.0
장조림,현미유,15,1,0.067,2.0,15.0
장조림,새미네장조림소스,15,1,0.067,2.0,15.0
장조림,팽이버섯,15,1,0.067,2.0,15.0
장조림,장조림소스,15,1,0.067,2.0,15.0
장조림,물소주잔,15,1,0.067,2.0,15.0
장조림,깐메추리알,15,1,0.067,2.0,15.0
장조림,표고버섯,15,1,0.067,2.0,15.0
장조림,올리고당,15,1,0.067,2.0,15.0
장조림,맛술,15,1,0.067,2.0,15.0
장조림,링,15,1,0.067,2.0,15.0
족발,양파,2,2,1.0,3.0,1.0
족발,식용유,2,2,1.0,3.0,1.0
족발,족발,2,1,0.5,2.0,2.0
족발,밥,2,1,0.5,2.0,2.0
족발,대파,2,1,0.5,2.0,2.0
족발,고추,2,1,0.5,2.0,2.0
족발,생강,2,1,0.5,2.0,2.0
족발,새미네부엌장조림소스,2,1,0.5,2.0,2.0
족발,물,2,1,0.5,2.0,2.0
족발,계란,2,1,0.5,2.0,2.0
족발,쪽파,2,1,0.5,2.0,2.0
족발,남은족발,2,1,0.5,2.0,2.0
족발,간장,2,1,0.5,2.0,2.0
족발,고추장,2,1,0.5,2.0,2.0
족발,고춧가루,2,1,0.5,2.0,2.0
족발,마늘,2,1,0.5,2.0,2.0
족발,설탕,2,1,0.5,2.0,2.0
족발,매실액,2,1,0.5,2.0,2.0
족발,청양초,2,1,0.5,2.0,2.0
족발,후춧가루,2,1,0.5,2.0,2.0
칼국수,칼국수면,5,4,0.8,5.0,2.0
칼국수,물,5,3,0.6,4.0,3.0
칼국수,양파,5,3,0.6,4.0,3.0
칼국수,애호박,5,3,0.6,4.0,3.0
칼국수,마늘,5,2,0.4,3.0,4.0
칼국수,식용유,5,2,0.4,3.0,4.0
칼국수,당근,5,2,0.4,3.0,4.0
칼국수,순,5,2,0.4,3.0,4.0
칼국수,대파,5,2,0.4,3.0,4.0
칼국수,고추장,5,2,0.4,3.0,4.0
칼국수,고춧가루,5,2,0.4,3.0,4.0
칼국수,밸런스죽동지찹쌀통팥죽,5,1,0.2,2.0,5.0
칼국수,감자,5,1,0.2,2.0,5.0
칼국수,돼지고기,5,1,0.2,2.0,5.0
칼국수,계란,5,1,0.2,2.0,5.0
칼국수,김,5,1,0.2,2.0,5.0
칼국수,깨,5,1,0.2,2.0,5.0
칼국수,멸치,5,1,0.2,2.0,5.0
칼국수,배추,5,1,0.2,2.0,5.0
칼국수,훈제오리,5,1,0.2,2.0,5.0
칼국수,팽이버섯,5,1,0.2,2.0,5.0
칼국수,새송이버섯,5,1,0.2,2.0,5.0
칼국수,숙주,5,1,0.2,2.0,5.0
칼국수,된장,5,1,0.2,2.0,5.0
칼국수,간장,5,1,0.2,2.0,5.0
칼국수,청양초,5,1,0.2,2.0,5.0
칼국수,치킨스톡,5,1,0.2,2.0,5.0
칼국수,알룰로스,5,1,0.2,2.0,5.0
콩나물국,콩나물,8,8,1.0,9.0,1.0
콩나물국,대파,8,5,0.625,6.0,4.0
콩나물국,청양고추,8,4,0.5,5.0,5.0
콩나물국,멸치,8,4,0.5,5.0,5.0
콩나물국,물,8,3,0.375,4.0,6.0
콩나물국,순,8,3,0.375,4.0,6.0
콩나물국,고춧가루,8,3,0.375,4.0,6.0
콩나물국,마늘,8,3,0.375,4.0,6.0
콩나물국,소금,8,2,0.25,3.0,7.0
콩나물국,밥,8,1,0.125,2.0,8.0
콩나물국,계란,8,1,0.125,2.0,8.0
콩나물국,김,8,1,0.125,2.0,8.0
콩나물국,링(바지락해물,8,1,0.125,2.0,8.0
콩나물국,배추김치,8,1,0.125,2.0,8.0
콩나물국,김치국물,8,1,0.125,2.0,8.0
콩나물국,쪽파,8,1,0.125,2.0,8.0
콩나물국,파,8,1,0.125,2.0,8.0
콩나물국,다시마,8,1,0.125,2.0,8.0
콩나물국,샘표요리에센스,8,1,0.125,2.0,8.0
콩나물국,대피,8,1,0.125,2.0,8.0
콩나물국,요리에센스,8,1,0.125,2.0,8.0
콩나물국,육수팩(없으면제외,8,1,0.125,2.0,8.0
콩나물무침,콩나물,5,5,1.0,6.0,1.0
콩나물무침,순,5,3,0.6,4.0,3.0
콩나물무침,참기름,5,3,0.6,4.0,3.0
콩나물무침,물,5,2,0.4,3.0,4.0
콩나물무침,당근,5,2,0.4,3.0,4.0
콩나물무침,쪽파,5,2,0.4,3.0,4.0
콩나물무침,깨,5,2,0.4,3.0,4.0
콩나물무침,고춧가루,5,2,0.4,3.0,4.0
콩나물무침,마늘,5,2,0.4,3.0,4.0
콩나물무침,양파,5,1,0.2,2.0,5.0
콩나물무침,청양고추,5,1,0.2,2.0,5.0
콩나물무침,소금,5,1,0.2,2.0,5.0
콩나물무침,파,5,1,0.2,2.0,5.0
콩나물무침,연두,5,1,0.2,2.0,5.0
파김치,고춧가루,7,7,1.0,8.0,1.0
파김치,물,7,6,0.857,7.0,2.0
파김치,배추김치,7,5,0.714,6.0,3.0
파김치,쪽파,7,4,0.571,5.0,4.0
파김치,대파,7,2,0.286,3.0,6.0
파김치,부추,7,2,0.286,3.0,6.0
파김치,깨,7,1,0.143,2.0,7.0
파김치,소고기,7,1,0.143,2.0,7.0
파김치,당근,7,1,0.143,2.0,7.0
파전,쪽파,1,1,1.0,2.0,1.0
파전,냉동해물,1,1,1.0,2.0,1.0
파전,양파,1,1,1.0,2.0,1.0
파전,청양고추,1,1,1.0,2.0,1.0
파전,김,1,1,1.0,2.0,1.0
파전,물,1,1,1.0,2.0,1.0
파전,식용유,1,1,1.0,2.0,1.0
호떡,감자,3,1,0.333,2.0,3.0
호떡,전분,3,1,0.333,2.0,3.0
호떡,찹쌀가루,3,1,0.333,2.0,3.0
호떡,물,3,1,0.333,2.0,3.0
호떡,버터,3,1,0.333,2.0,3.0
호떡,감태,3,1,0.333,2.0,3.0
호떡,순,3,1,0.333,2.0,3.0
호떡,올리고당,3,1,0.333,2.0,3.0
호떡,소금,3,1,0.333,2.0,3.0
호떡,식빵,3,1,0.333,2.0,3.0
호떡,식용유,3,1,0.333,2.0,3.0
호떡,설탕,3,1,0.333,2.0,3.0
호떡,견과류,3,1,0.333,2.0,3.0
호떡,호떡믹스,3,1,0.333,2.0,3.0
