ingredient_cleaned,count
파인애플,9
셀러리,9
아스파라거스,8
총장즙,8
루꼴라,8
발사믹,8
돌나물,8
미더덕,7
더덕,6
오렌지,6
누룽지,6
녹두,6
큐민가루,6
로메인,6
가다랑어포,6
참마,5
면,5
깍두기,5
엑스트라버진,5
미국피칸,5
마,5
식용꽃,5
슈가파우더,5
딜,5
조리유,5
톳,5
참나물,5
토란대,4
갈릭칠리페이스트,4
크랜베리,4
비타민,4
쫄면,4
후리가케,4
미삼,4
할라피뇨,4
로즈메리,4
케일,4
도토리묵,4
비정제당,4
훈제오리,4
청포묵,4
생곤드레,4
도토리가루,4
쓰리라차소스,4
해선장,3
깍두기국물,3
차이브,3
동그랑땡,3
페투치네면,3
딸기,3
마라소스,3
매생이,3
세이지,3
피클,3
오레가노,3
레디쉬,3
생중화면,3
제피잎,3
템페,3
모둠건해초,3
시판낫또,3
감태,3
양장피,3
새싹,3
통조림국물,3
어린잎새싹,3
조갯살,3
삼치,3
낫또,3
손질장어,3
라디치오,3
